precision,recall,f1-score,support
0.8347613219094248,0.7957992998833139,0.8148148148148149,857.0
0.7899159663865546,0.8297604035308953,0.8093480934809348,793.0
0.8121212121212121,0.8121212121212121,0.8121212121212121,0.8121212121212121
0.8123386441479896,0.8127798517071045,0.8120814541478749,1650.0
0.8132083722550999,0.8121212121212121,0.8121874754101076,1650.0
