precision,recall,f1-score,support
0.8531994981179423,0.793465577596266,0.8222490931076178,857.0
0.7924970691676436,0.8524590163934426,0.8213851761846901,793.0
0.8218181818181818,0.8218181818181818,0.8218181818181818,0.8218181818181818
0.8228482836427929,0.8229622969948542,0.821817134646154,1650.0
0.82402554287092,0.8218181818181818,0.8218338893985986,1650.0
