precision,recall,f1-score,support
0.8315163528245788,0.821743388834476,0.8266009852216748,1021.0
0.8284637134778511,0.8379408960915157,0.833175355450237,1049.0
0.8299516908212561,0.8299516908212561,0.8299516908212561,0.8299516908212561
0.8299900331512149,0.8298421424629958,0.829888170335956,2070.0
0.829969387281237,0.8299516908212561,0.829932634675666,2070.0
