precision,recall,f1-score,support
0.8320235756385069,0.8028436018957346,0.8171731789676798,1055.0
0.8009569377990431,0.8303571428571429,0.8153921091086217,1008.0
0.8162869607367911,0.8162869607367911,0.8162869607367911,0.8162869607367911
0.8164902567187751,0.8166003723764388,0.8162826440381508,2063.0
0.8168441423170433,0.8162869607367911,0.816302932521761,2063.0
