precision,recall,f1-score,support
0.8397515527950311,0.7887981330221704,0.8134777376654634,857.0
0.7857988165680473,0.8373266078184111,0.8107448107448108,793.0
0.8121212121212121,0.8121212121212121,0.8121212121212121,0.8121212121212121
0.8127751846815392,0.8130623704202907,0.8121112742051371,1650.0
0.8138215407780625,0.8121212121212121,0.8121642764242043,1650.0
