{"scores": {"Model": {"0": "Logistic Regression", "1": "Bernoulli Naive Bayes", "2": "Multinomial Naive Bayes", "3": "Gaussian Naive Bayes", "4": "Decision Tree", "5": "Random Forest"}, "Accuracy": {"0": 74.42424242424242, "1": 73.51515151515152, "2": 73.33333333333333, "3": 75.51515151515152, "4": 76.66666666666667, "5": 82.18181818181817}, "Precision": {"0": 70.3622392974753, "1": 68.93617021276596, "2": 68.79659211927583, "3": 70.71352502662407, "4": 74.4019138755981, "5": 79.24970691676437}, "Recall": {"0": 80.83228247162674, "1": 81.71500630517023, "2": 81.46279949558638, "3": 83.7326607818411, "4": 78.43631778058008, "5": 85.24590163934425}, "F1": {"0": 75.23474178403757, "1": 74.78361223312177, "2": 74.5958429561201, "3": 76.6743648960739, "4": 76.365868631062, "5": 82.13851761846901}}, "report": {"precision": {"0.0": 0.8531994981179423, "1.0": 0.7924970691676436, "accuracy": 0.8218181818181818, "macro avg": 0.8228482836427929, "weighted avg": 0.82402554287092}, "recall": {"0.0": 0.793465577596266, "1.0": 0.8524590163934426, "accuracy": 0.8218181818181818, "macro avg": 0.8229622969948542, "weighted avg": 0.8218181818181818}, "f1-score": {"0.0": 0.8222490931076178, "1.0": 0.8213851761846901, "accuracy": 0.8218181818181818, "macro avg": 0.821817134646154, "weighted avg": 0.8218338893985986}, "support": {"0.0": 857.0, "1.0": 793.0, "accuracy": 0.8218181818181818, "macro avg": 1650.0, "weighted avg": 1650.0}}, "best_model_name": "Random Forest"}