{"scores": {"Model": {"0": "Logistic Regression", "1": "Bernoulli Naive Bayes", "2": "Multinomial Naive Bayes", "3": "Gaussian Naive Bayes", "4": "Decision Tree", "5": "Random Forest"}, "Accuracy": {"0": 73.87878787878788, "1": 72.12121212121212, "2": 72.48484848484848, "3": 74.48484848484848, "4": 77.0909090909091, "5": 81.21212121212122}, "Precision": {"0": 70.06651884700665, "1": 68.0, "2": 68.2062298603652, "3": 70.08639308855291, "4": 75.27405602923264, "5": 78.57988165680473}, "Recall": {"0": 79.69735182849938, "1": 79.31904161412359, "2": 80.07566204287517, "3": 81.84110970996217, "4": 77.93190416141236, "5": 83.7326607818411}, "F1": {"0": 74.57227138643069, "1": 73.22467986030269, "2": 73.66589327146173, "3": 75.50901687027341, "4": 76.57992565055763, "5": 81.07448107448107}}, "report": {"precision": {"0.0": 0.8397515527950311, "1.0": 0.7857988165680473, "accuracy": 0.8121212121212121, "macro avg": 0.8127751846815392, "weighted avg": 0.8138215407780625}, "recall": {"0.0": 0.7887981330221704, "1.0": 0.8373266078184111, "accuracy": 0.8121212121212121, "macro avg": 0.8130623704202907, "weighted avg": 0.8121212121212121}, "f1-score": {"0.0": 0.8134777376654634, "1.0": 0.8107448107448108, "accuracy": 0.8121212121212121, "macro avg": 0.8121112742051371, "weighted avg": 0.8121642764242043}, "support": {"0.0": 857.0, "1.0": 793.0, "accuracy": 0.8121212121212121, "macro avg": 1650.0, "weighted avg": 1650.0}}, "best_model_name": "Random Forest"}