{"scores": {"Model": {"0": "Logistic Regression", "1": "Bernoulli Naive Bayes", "2": "Multinomial Naive Bayes", "3": "Gaussian Naive Bayes", "4": "Decision Tree", "5": "Random Forest"}, "Accuracy": {"0": 77.6328502415459, "1": 73.57487922705313, "2": 73.71980676328502, "3": 76.03864734299518, "4": 77.53623188405797, "5": 82.99516908212561}, "Precision": {"0": 74.37603993344426, "1": 70.77814569536423, "2": 71.71109200343938, "3": 73.06088407005838, "4": 77.86259541984732, "5": 82.84637134778511}, "Recall": {"0": 85.22402287893232, "1": 81.50619637750238, "2": 79.50428979980934, "3": 83.50810295519543, "4": 77.78836987607245, "5": 83.79408960915157}, "F1": {"0": 79.43136383829409, "1": 75.76428887904298, "2": 75.40687160940327, "3": 77.93594306049823, "4": 77.82546494992846, "5": 83.3175355450237}}, "report": {"precision": {"0.0": 0.8315163528245788, "1.0": 0.8284637134778511, "accuracy": 0.8299516908212561, "macro avg": 0.8299900331512149, "weighted avg": 0.829969387281237}, "recall": {"0.0": 0.821743388834476, "1.0": 0.8379408960915157, "accuracy": 0.8299516908212561, "macro avg": 0.8298421424629958, "weighted avg": 0.8299516908212561}, "f1-score": {"0.0": 0.8266009852216748, "1.0": 0.833175355450237, "accuracy": 0.8299516908212561, "macro avg": 0.829888170335956, "weighted avg": 0.829932634675666}, "support": {"0.0": 1021.0, "1.0": 1049.0, "accuracy": 0.8299516908212561, "macro avg": 2070.0, "weighted avg": 2070.0}}, "best_model_name": "Random Forest"}