{"scores": {"Model": {"0": "Logistic Regression", "1": "Bernoulli Naive Bayes", "2": "Multinomial Naive Bayes", "3": "Gaussian Naive Bayes", "4": "Decision Tree", "5": "Random Forest"}, "Accuracy": {"0": 67.28065923412507, "1": 77.21764420746486, "2": 68.92874454677654, "3": 78.57489093553079, "4": 78.96267571497819, "5": 81.62869607367911}, "Precision": {"0": 67.84565916398714, "1": 72.99145299145299, "2": 65.51141166525782, "3": 74.65156794425087, "4": 77.22960151802657, "5": 80.09569377990431}, "Recall": {"0": 62.797619047619044, "1": 84.72222222222221, "2": 76.88492063492063, "3": 85.01984126984127, "4": 80.75396825396825, "5": 83.03571428571429}, "F1": {"0": 65.2241112828439, "1": 78.42056932966024, "2": 70.74395253308992, "3": 79.49907235621522, "4": 78.95247332686712, "5": 81.53921091086217}}, "report": {"precision": {"0": 0.8320235756385069, "1": 0.8009569377990431, "accuracy": 0.8162869607367911, "macro avg": 0.8164902567187751, "weighted avg": 0.8168441423170433}, "recall": {"0": 0.8028436018957346, "1": 0.8303571428571429, "accuracy": 0.8162869607367911, "macro avg": 0.8166003723764388, "weighted avg": 0.8162869607367911}, "f1-score": {"0": 0.8171731789676798, "1": 0.8153921091086217, "accuracy": 0.8162869607367911, "macro avg": 0.8162826440381508, "weighted avg": 0.816302932521761}, "support": {"0": 1055.0, "1": 1008.0, "accuracy": 0.8162869607367911, "macro avg": 2063.0, "weighted avg": 2063.0}}, "best_model_name": "Random Forest"}