{"scores": {"Model": {"0": "Logistic Regression", "1": "Bernoulli Naive Bayes", "2": "Multinomial Naive Bayes", "3": "Gaussian Naive Bayes", "4": "Decision Tree", "5": "Random Forest"}, "Accuracy": {"0": 74.12121212121212, "1": 72.36363636363636, "2": 72.42424242424242, "3": 75.39393939393939, "4": 76.96969696969697, "5": 81.21212121212122}, "Precision": {"0": 69.84815618221259, "1": 68.49615806805708, "2": 68.21120689655173, "3": 70.7395498392283, "4": 74.84957882069796, "5": 78.99159663865547}, "Recall": {"0": 81.21059268600253, "1": 78.68852459016394, "2": 79.8234552332913, "3": 83.2282471626734, "4": 78.43631778058008, "5": 82.97604035308953}, "F1": {"0": 75.10204081632654, "1": 73.23943661971832, "2": 73.56188262638, "3": 76.4774044032445, "4": 76.60098522167486, "5": 80.93480934809348}}, "report": {"precision": {"0.0": 0.8347613219094248, "1.0": 0.7899159663865546, "accuracy": 0.8121212121212121, "macro avg": 0.8123386441479896, "weighted avg": 0.8132083722550999}, "recall": {"0.0": 0.7957992998833139, "1.0": 0.8297604035308953, "accuracy": 0.8121212121212121, "macro avg": 0.8127798517071045, "weighted avg": 0.8121212121212121}, "f1-score": {"0.0": 0.8148148148148149, "1.0": 0.8093480934809348, "accuracy": 0.8121212121212121, "macro avg": 0.8120814541478749, "weighted avg": 0.8121874754101076}, "support": {"0.0": 857.0, "1.0": 793.0, "accuracy": 0.8121212121212121, "macro avg": 1650.0, "weighted avg": 1650.0}}, "best_model_name": "Random Forest"}