Model,Accuracy,Precision,Recall,F1
Logistic Regression,74.12121212121212,69.84815618221259,81.21059268600253,75.10204081632654
Bernoulli Naive Bayes,72.36363636363636,68.49615806805708,78.68852459016394,73.23943661971832
Multinomial Naive Bayes,72.42424242424242,68.21120689655173,79.8234552332913,73.56188262638
Gaussian Naive Bayes,75.39393939393939,70.7395498392283,83.2282471626734,76.4774044032445
Decision Tree,76.96969696969697,74.84957882069796,78.43631778058008,76.60098522167486
Random Forest,81.21212121212122,78.99159663865547,82.97604035308953,80.93480934809348
