Model,Accuracy,Precision,Recall,F1
Logistic Regression,77.6328502415459,74.37603993344426,85.22402287893232,79.43136383829409
Bernoulli Naive Bayes,73.57487922705313,70.77814569536423,81.50619637750238,75.76428887904298
Multinomial Naive Bayes,73.71980676328502,71.71109200343938,79.50428979980934,75.40687160940327
Gaussian Naive Bayes,76.03864734299518,73.06088407005838,83.50810295519543,77.93594306049823
Decision Tree,77.53623188405797,77.86259541984732,77.78836987607245,77.82546494992846
Random Forest,82.99516908212561,82.84637134778511,83.79408960915157,83.3175355450237
