Model,Accuracy,Precision,Recall,F1
Logistic Regression,74.42424242424242,70.3622392974753,80.83228247162674,75.23474178403757
Bernoulli Naive Bayes,73.51515151515152,68.93617021276596,81.71500630517023,74.78361223312177
Multinomial Naive Bayes,73.33333333333333,68.79659211927583,81.46279949558638,74.5958429561201
Gaussian Naive Bayes,75.51515151515152,70.71352502662407,83.7326607818411,76.6743648960739
Decision Tree,76.66666666666667,74.4019138755981,78.43631778058008,76.365868631062
Random Forest,82.18181818181817,79.24970691676437,85.24590163934425,82.13851761846901
