Model,Accuracy,Precision,Recall,F1
Logistic Regression,67.28065923412507,67.84565916398714,62.797619047619044,65.2241112828439
Bernoulli Naive Bayes,77.21764420746486,72.99145299145299,84.72222222222221,78.42056932966024
Multinomial Naive Bayes,68.92874454677654,65.51141166525782,76.88492063492063,70.74395253308992
Gaussian Naive Bayes,78.57489093553079,74.65156794425087,85.01984126984127,79.49907235621522
Decision Tree,78.96267571497819,77.22960151802657,80.75396825396825,78.95247332686712
Random Forest,81.62869607367911,80.09569377990431,83.03571428571429,81.53921091086217
